{
    "id": 1, 
    "diaReservado": "24/12/2020",
    "horarioReservado": "22:30",
    "estadoPago": "Aprobado",
    "modoPago": "MercadoPago",
    "cliente": {
      "nombre": "Daniel",
      "apellido": "Gómez",
      "dni": 24928342,
      "teléfono": 5491150495042,
      "celular": 5491150495042,
      "email": "danielgomez@gmail.com"
    },
    "tratamiento": {
      "nombre": "Limpieza de Cutis Profunda",
      "descripcion": "Nuestra limpieza de cutis profunda es un tratamiento cuyo fin es mejorar el aspecto de la piel, removiendo absolutamente todas las células muertas superficiales, toxinas, imperfecciones, puntos negros y microquistes que se van acumulando con el tiempo.",
      "valor": 2990
    },
    "profesional": {
      "nombre": "Juan",
      "apellido": "Molina",
      "dni": "33948484",
      "email":"jmolina@spabelgrano.com",
      "celular": 54114983839
    }
  }